player_name,position,origin_season,origin_week,target_season,target_week,horizon_step,y_pred,target_played,forecast_age_days,prediction_ci_low,prediction_ci_high,forecast_start_week,y_true,error,absolute_error,squared_error,week
Jalen Coker,WR,2025,17,2026,1,1,7.217941761016846,False,0,0.0,21.9337017059326,1,33.8,-26.58205823898315,26.58205823898315,706.6058202206921,1
Kenneth Walker III,RB,2025,17,2026,1,1,8.490920066833496,False,0,0.0,23.20668001174925,1,34.1,-25.609079933166505,25.609079933166505,655.8249750233114,1
Christian Watson,WR,2025,17,2026,1,1,10.23823356628418,False,0,0.0,24.953993511199933,1,32.7,-22.461766433715823,22.461766433715823,504.5309513228028,1
David Montgomery,RB,2025,17,2026,1,1,8.832440376281738,False,0,0.0,23.54820032119749,1,28.9,-20.06755962371826,20.06755962371826,402.70694925148734,1
Derrick Henry,RB,2025,17,2026,1,1,15.440936088562012,False,0,4.34232063293457,30.156696033477765,1,35.3,-19.859063911437985,19.859063911437985,394.38241943857855,1
Chris Olave,WR,2025,17,2026,1,1,10.430359840393066,False,0,0.0,25.14611978530882,1,28.2,-17.769640159606933,17.769640159606933,315.7601114019155,1
D'Andre Swift,RB,2025,17,2026,1,1,15.466641426086426,False,0,4.368025970458984,30.18240137100218,1,32.4,-16.933358573913573,16.933358573913573,286.7386325927323,1
Ashton Jeanty,RB,2025,17,2026,1,1,16.030590057373047,False,0,4.931974601745605,30.7463500022888,1,32.7,-16.669409942626956,16.669409942626956,277.86922783535044,1
Justin Jefferson,LB,2025,17,2026,1,1,15.375630378723145,False,0,4.277014923095702,30.091390323638898,1,31.200000000000003,-15.824369621276858,15.824369621276858,250.4106739107899,1
Jahmyr Gibbs,RB,2025,17,2026,1,1,18.03842735290528,False,0,6.939811897277831,32.75418729782103,1,33.6,-15.56157264709472,15.56157264709472,242.1625432508066,1
Antonio Williams,WR,2022,17,2026,1,1,1.7382324934005735,False,0,0.0,16.453992438316327,1,16.4,-14.661767506599425,14.661767506599425,214.96742641757473,1
Parker Washington,WR,2025,17,2026,1,1,4.647546291351318,False,0,0.0,19.36330623626707,1,19.3,-14.652453708648682,14.652453708648682,214.69439968409253,1
Jauan Jennings,WR,2025,17,2026,1,1,14.636579513549805,False,0,3.5379640579223626,29.35233945846556,1,0.0,14.636579513549805,14.636579513549805,214.22945985646584,1
Ja'Marr Chase,WR,2025,17,2026,1,1,17.2945499420166,False,0,6.19593448638916,32.010309886932355,1,3.2,14.094549942016602,14.094549942016602,198.6563380680002,1
Chuba Hubbard,RB,2025,17,2026,1,1,9.76876163482666,False,0,0.0,24.484521579742413,1,23.700000000000003,-13.931238365173343,13.931238365173343,194.07940238727764,1
Romeo Doubs,WR,2025,17,2026,1,1,13.7382230758667,False,0,2.639607620239257,28.45398302078245,1,0.0,13.7382230758667,13.7382230758667,188.73877328227627,1
Marvin Mims Jr.,WR,2025,17,2026,1,1,13.593911170959473,False,0,2.4952957153320305,28.309671115875226,1,0.0,13.593911170959473,13.593911170959473,184.79442092393674,1
Devaughn Vele,WR,2025,17,2026,1,1,6.649505138397217,False,0,0.0,21.36526508331297,1,19.9,-13.250494861602782,13.250494861602782,175.57561407736173,1
Jaylen Waddle,WR,2025,17,2026,1,1,14.208714485168455,False,0,3.110099029541015,28.92447443008421,1,1.2,13.008714485168456,13.008714485168456,169.22665255663162,1
Kendrick Bourne,WR,2025,17,2026,1,1,2.5074212551116943,False,0,0.0,17.223181200027447,1,15.5,-12.992578744888306,12.992578744888306,168.80710244212338,1
Jordan Addison,WR,2025,17,2026,1,1,12.948525428771973,False,0,1.8499099731445303,27.66428537368773,1,0.0,12.948525428771973,12.948525428771973,167.6643107795544,1
Bijan Robinson,RB,2025,17,2026,1,1,18.39753532409668,False,0,7.298919868469238,33.11329526901243,1,31.3,-12.902464675903321,12.902464675903321,166.473594712933,1
Kyle Monangai,RB,2025,17,2026,1,1,7.937880992889404,False,0,0.0,22.65364093780516,1,20.4,-12.462119007110594,12.462119007110594,155.30441014738713,1
Caleb Douglas,WR,2025,17,2026,1,1,2.2526957988739014,False,0,0.0,16.968455743789654,1,14.4,-12.147304201126099,12.147304201126099,147.55699935469576,1
Kenny Gainwell,RB,2025,17,2026,1,1,14.855944633483888,False,0,3.7573291778564446,29.57170457839964,1,2.8,12.05594463348389,12.05594463348389,145.345801005629,1
Denzel Boston,WR,2025,17,2026,1,1,2.253958940505981,False,0,0.0,16.969718885421734,1,13.9,-11.646041059494019,11.646041059494019,135.63027235942056,1
Courtland Sutton,WR,2025,17,2026,1,1,14.037801742553713,False,0,2.939186286926269,28.753561687469464,1,3.1,10.937801742553713,10.937801742553713,119.63550695941105,1
Jeremiyah Love,RB,2025,17,2026,1,1,2.248631715774536,False,0,0.0,16.96439166069029,1,13.0,-10.751368284225464,10.751368284225464,115.5919199830492,1
Tyrone Tracy Jr.,RB,2025,17,2026,1,1,10.133915901184082,False,0,0.0,24.849675846099835,1,-0.5999999999999999,10.733915901184082,10.733915901184082,115.21695057369247,1
Davante Adams,WR,2025,17,2026,1,1,16.300487518310547,False,0,5.201872062683105,31.0162474632263,1,5.6,10.700487518310547,10.700487518310547,114.50043312951982,1
Zay Flowers,WR,2025,17,2026,1,1,15.303060531616213,False,0,4.204445075988769,30.018820476531964,1,26.0,-10.696939468383787,10.696939468383787,114.42451399026682,1
A.J. Brown,WR,2025,17,2026,1,1,16.077735900878906,False,0,4.979120445251464,30.79349584579466,1,5.6,10.477735900878907,10.477735900878907,109.78294960856671,1
Troy Franklin,WR,2025,17,2026,1,1,10.826437950134276,False,0,0.0,25.54219789505003,1,0.5,10.326437950134276,10.326437950134276,106.63532073797337,1
Kalif Raymond,WR,2025,17,2026,1,1,6.262519836425781,False,0,0.0,20.97827978134153,1,16.4,-10.137480163574217,10.137480163574217,102.76850406686074,1
Amon-Ra St. Brown,WR,2025,17,2026,1,1,18.61819267272949,False,0,7.51957721710205,33.333952617645245,1,28.7,-10.08180732727051,10.08180732727051,101.64283898420535,1
Demarcus Robinson,WR,2025,17,2026,1,1,2.991562604904175,False,0,0.0,17.707322549819928,1,13.0,-10.008437395095825,10.008437395095825,100.1688190915525,1
Rico Dowdle,RB,2025,17,2026,1,1,14.073664665222168,False,0,2.975049209594726,28.78942461013792,1,4.1,9.973664665222168,9.973664665222168,99.47398685430123,1
Devin Singletary,RB,2025,17,2026,1,1,3.910991907119751,False,0,0.0,18.626751852035504,1,13.8,-9.88900809288025,9.88900809288025,97.79248106105108,1
Jonathan Taylor,RB,2025,17,2026,1,1,15.396953582763672,False,0,4.29833812713623,30.112713527679425,1,25.1,-9.70304641723633,9.70304641723633,94.14910977504277,1
Matthew Golden,WR,2025,17,2026,1,1,5.858720779418945,False,0,0.0,20.5744807243347,1,15.5,-9.641279220581055,9.641279220581055,92.95426500920803,1
Javonte Williams,RB,2025,17,2026,1,1,14.724283218383787,False,0,3.625667762756347,29.440043163299546,1,24.2,-9.475716781616212,9.475716781616212,89.7892085254031,1
Bucky Irving,RB,2025,17,2026,1,1,11.134904861450195,False,0,0.0362894058227531,25.85066480636595,1,20.3,-9.165095138549805,9.165095138549805,83.99896889866928,1
DJ Moore,WR,2025,17,2026,1,1,11.836115837097168,False,0,0.7375003814697259,26.55187578201292,1,21.0,-9.163884162902832,9.163884162902832,83.97677295110134,1
Rhamondre Stevenson,RB,2025,17,2026,1,1,6.003145694732666,False,0,0.0,20.71890563964842,1,14.5,-8.496854305267334,8.496854305267334,72.19653308494003,1
Tyquan Thornton,WR,2025,17,2026,1,1,8.44946575164795,False,0,0.0,23.165225696563702,1,0.0,8.44946575164795,8.44946575164795,71.39347148827164,1
Keaton Mitchell,RB,2025,17,2026,1,1,9.126261711120604,False,0,0.0,23.84202165603636,1,0.9,8.226261711120603,8.226261711120603,67.67138173984888,1
Rachaad White,RB,2025,17,2026,1,1,12.856099128723145,False,0,1.7574836730957024,27.571859073638898,1,4.7,8.156099128723145,8.156099128723145,66.52195299755844,1
Jaxon Smith-Njigba,WR,2025,17,2026,1,1,18.138702392578125,False,0,7.040086936950683,32.85446233749388,1,26.200000000000003,-8.061297607421878,8.061297607421878,64.9845191154257,1
Saquon Barkley,RB,2025,17,2026,1,1,16.86160659790039,False,0,5.7629911422729485,31.577366542816144,1,9.0,7.861606597900391,7.861606597900391,61.804858300150954,1
De'Von Achane,RB,2025,17,2026,1,1,18.355981826782227,False,0,7.257366371154784,33.07174177169798,1,10.6,7.755981826782227,7.755981826782227,60.15525409737617,1
Josh Cameron,WR,2025,17,2026,1,1,2.2530412673950195,False,0,0.0,16.968801212310773,1,10.0,-7.7469587326049805,7.7469587326049805,60.015369604684565,1
Nico Collins,WR,2025,17,2026,1,1,13.471368789672852,False,0,2.372753334045409,28.187128734588605,1,21.200000000000003,-7.728631210327151,7.728631210327151,59.73174038524293,1
Jack Bech,WR,2025,17,2026,1,1,3.6651999950408936,False,0,0.0,18.380959939956647,1,11.3,-7.634800004959107,7.634800004959107,58.29017111572358,1
Tony Pollard,RB,2025,17,2026,1,1,12.031794548034668,False,0,0.933179092407226,26.74755449295042,1,4.4,7.631794548034668,7.631794548034668,58.24428802341168,1
Isaac TeSlaa,WR,2025,17,2026,1,1,7.586228847503662,False,0,0.0,22.30198879241941,1,0.0,7.586228847503662,7.586228847503662,57.55086812669674,1
Dylan Sampson,RB,2025,17,2026,1,1,7.459798336029053,False,0,0.0,22.17555828094481,1,0.0,7.459798336029053,7.459798336029053,55.648591214221824,1
Jayden Reed,WR,2025,17,2026,1,1,12.408583641052246,False,0,1.309968185424804,27.124343585968,1,5.0,7.408583641052246,7.408583641052246,54.887111566466956,1
Dyami Brown,WR,2025,17,2026,1,1,7.2417311668396,False,0,0.0,21.95749111175536,1,0.0,7.2417311668396,7.2417311668396,52.44267029277603,1
George Pickens,WR,2025,17,2026,1,1,13.001301765441896,False,0,1.9026863098144524,27.717061710357648,1,5.800000000000001,7.201301765441896,7.201301765441896,51.858747116956565,1
Olamide Zaccheaus,WR,2025,17,2026,1,1,8.680612564086914,False,0,0.0,23.396372509002667,1,1.5,7.180612564086914,7.180612564086914,51.56119679552285,1
Stefon Diggs,WR,2025,17,2026,1,1,8.504406929016113,False,0,0.0,23.220166873931863,1,15.5,-6.995593070983887,6.995593070983887,48.93832241479777,1
Dontayvion Wicks,WR,2025,17,2026,1,1,8.419316291809082,False,0,0.0,23.135076236724835,1,15.3,-6.880683708190919,6.880683708190919,47.34380829216393,1
Rashid Shaheed,WR,2025,17,2026,1,1,8.229294776916504,False,0,0.0,22.945054721832257,1,1.4,6.8292947769165036,6.8292947769165036,46.63926715001904,1
DK Metcalf,WR,2025,17,2026,1,1,14.57582950592041,False,0,3.477214050292968,29.291589450836163,1,8.0,6.57582950592041,6.57582950592041,43.241533690933466,1
Emmett Johnson,RB,2025,17,2026,1,1,2.250264883041382,False,0,0.0,16.966024827957135,1,8.8,-6.549735116958619,6.549735116958619,42.899030102320935,1
Kyle Williams,WR,2025,17,2026,1,1,6.538004398345947,False,0,0.0,21.2537643432617,1,0.0,6.538004398345947,6.538004398345947,42.74550151279095,1
DeVonta Smith,WR,2025,17,2026,1,1,14.654667854309082,False,0,3.55605239868164,29.370427799224835,1,8.3,6.354667854309081,6.354667854309081,40.38180353858918,1
Quentin Johnston,WR,2025,17,2026,1,1,9.840903282165527,False,0,0.0,24.55666322708128,1,3.7,6.140903282165527,6.140903282165527,37.710693120911344,1
Drake London,WR,2025,17,2026,1,1,11.598725318908691,False,0,0.5001098632812493,26.314485263824444,1,5.5,6.098725318908691,6.098725318908691,37.19445051549792,1
Keenan Allen,WR,2025,17,2026,1,1,15.288382530212402,False,0,4.18976707458496,30.004142475128155,1,9.2,6.088382530212403,6.088382530212403,37.06840183419558,1
Jacory Croskey-Merritt,RB,2025,17,2026,1,1,6.518409729003906,False,0,0.0,21.23416967391966,1,12.6,-6.081590270996093,6.081590270996093,36.98574022427434,1
Aaron Jones,RB,2025,17,2026,1,1,16.007978439331055,False,0,4.909362983703613,30.723738384246808,1,10.0,6.007978439331055,6.007978439331055,36.095804927466816,1
Kendre Miller,RB,2025,17,2026,1,1,3.015258550643921,False,0,0.0,17.731018495559674,1,9.0,-5.984741449356079,5.984741449356079,35.8171302156407,1
Tyler Allgeier,RB,2025,17,2026,1,1,3.0275442600250244,False,0,0.0,17.743304204940777,1,9.0,-5.972455739974976,5.972455739974976,35.67022756596003,1
Kaelon Black,RB,2025,17,2026,1,1,2.24914813041687,False,0,0.0,16.964908075332623,1,8.0,-5.75085186958313,5.75085186958313,33.07229722588778,1
Josh Palmer,WR,2025,17,2026,1,1,4.689241886138916,False,0,0.0,19.40500183105467,1,10.4,-5.710758113861084,5.710758113861084,32.612758235030206,1
Brian Robinson,RB,2025,17,2026,1,1,8.737953186035156,False,0,0.0,23.45371313095091,1,3.1,5.637953186035157,5.637953186035157,31.786516127923974,1
Garrett Wilson,WR,2025,17,2026,1,1,8.307976722717285,False,0,0.0,23.02373666763304,1,13.9,-5.592023277282715,5.592023277282715,31.27072433367172,1
Jadarian Price,RB,2025,17,2026,1,1,2.248495817184448,False,0,0.0,16.9642557621002,1,7.800000000000001,-5.5515041828155525,5.5515041828155525,30.819198691818574,1
Carnell Tate,WR,2025,17,2026,1,1,2.2523834705352783,False,0,0.0,16.96814341545103,1,7.800000000000001,-5.547616529464722,5.547616529464722,30.77604915799021,1
KC Concepcion,WR,2025,17,2026,1,1,2.253958940505981,False,0,0.0,16.969718885421734,1,7.800000000000001,-5.546041059494019,5.546041059494019,30.758571433593545,1
Bhayshul Tuten,RB,2025,17,2026,1,1,4.25665283203125,False,0,0.0,18.972412776947003,1,9.8,-5.543347167968751,5.543347167968751,30.72869782462717,1
Chimere Dike,WR,2025,17,2026,1,1,7.0437188148498535,False,0,0.0,21.759478759765607,1,1.7000000000000002,5.343718814849853,5.343718814849853,28.555330772180323,1
Tee Higgins,WR,2025,17,2026,1,1,14.237406730651855,False,0,3.1387912750244134,28.95316667556761,1,8.9,5.337406730651855,5.337406730651855,28.487910608407724,1
Woody Marks,RB,2025,17,2026,1,1,10.26265811920166,False,0,0.0,24.978418064117413,1,5.0,5.26265811920166,5.26265811920166,27.695570479599155,1
Tez Johnson,WR,2025,17,2026,1,1,4.840449810028076,False,0,0.0,19.55620975494383,1,-0.4,5.2404498100280765,5.2404498100280765,27.462314211423305,1
Puka Nacua,WR,2025,17,2026,1,1,17.639406204223633,False,0,6.540790748596191,32.355166149139386,1,12.4,5.2394062042236325,5.2394062042236325,27.451377372857092,1
Jahdae Walker,WR,2025,17,2026,1,1,1.970930576324463,False,0,0.0,16.686690521240216,1,7.1,-5.129069423675537,5.129069423675537,26.3073531528833,1
Omarion Hampton,RB,2025,17,2026,1,1,13.40377712249756,False,0,2.3051616668701165,28.11953706741331,1,8.3,5.10377712249756,5.10377712249756,26.048540916129472,1
Quinshon Judkins,RB,2025,17,2026,1,1,12.045910835266112,False,0,0.9472953796386712,26.761670780181863,1,7.0,5.0459108352661115,5.0459108352661115,25.461216157455947,1
Breece Hall,RB,2025,17,2026,1,1,14.814092636108398,False,0,3.715477180480956,29.52985258102415,1,19.8,-4.985907363891602,4.985907363891602,24.859272241308506,1
Jonathon Brooks,RB,2025,17,2026,1,1,2.2177484035491943,False,0,0.0,16.933508348464947,1,7.2,-4.982251596450806,4.982251596450806,24.822830970336604,1
James Cook,RB,2025,17,2026,1,1,14.870027542114258,False,0,3.771412086486816,29.58578748703001,1,9.9,4.9700275421142575,4.9700275421142575,24.701173769374286,1
Bryce Lance,WR,2025,17,2026,1,1,2.253368139266968,False,0,0.0,16.96912808418272,1,7.2,-4.9466318607330315,4.9466318607330315,24.469166765619132,1
Malachi Corley,WR,2025,17,2026,1,1,4.9232378005981445,False,0,0.0,19.638997745513898,1,0.0,4.9232378005981445,4.9232378005981445,24.238270441238456,1
Wan'Dale Robinson,WR,2025,17,2026,1,1,13.615718841552734,False,0,2.5171033859252923,28.331478786468487,1,8.8,4.815718841552734,4.815718841552734,23.191147960886003,1
Deebo Samuel Sr.,WR,2025,17,2026,1,1,13.239984512329102,False,0,2.1413690567016594,27.95574445724485,1,18.0,-4.760015487670898,4.760015487670898,22.65774744286682,1
Jaylen Wright,RB,2025,17,2026,1,1,4.655104160308838,False,0,0.0,19.37086410522459,1,-0.1,4.7551041603088375,4.7551041603088375,22.611015575386414,1
Tre Tucker,WR,2025,17,2026,1,1,9.435904502868652,False,0,0.0,24.151664447784405,1,4.7,4.735904502868652,4.735904502868652,22.428791460291574,1
Jaylen Warren,RB,2025,17,2026,1,1,15.019675254821776,False,0,3.9210597991943352,29.73543519973753,1,10.3,4.719675254821775,4.719675254821775,22.275334510976986,1
Emeka Egbuka,WR,2025,17,2026,1,1,15.94524097442627,False,0,4.846625518798827,30.661000919342023,1,11.3,4.645240974426269,4.645240974426269,21.578263710488713,1
Tank Bigsby,RB,2025,17,2026,1,1,4.9355292320251465,False,0,0.0,19.6512891769409,1,0.3,4.635529232025147,4.635529232025147,21.488131260959648,1
Emanuel Wilson,RB,2025,17,2026,1,1,4.935110569000244,False,0,0.0,19.650870513916,1,0.3,4.635110569000244,4.635110569000244,21.48424998685777,1
Jameson Williams,WR,2025,17,2026,1,1,12.849616050720217,False,0,1.7510005950927727,27.565375995635968,1,8.5,4.349616050720217,4.349616050720217,18.919159788682933,1
Ted Hurst III,WR,2025,17,2026,1,1,2.2517082691192627,False,0,0.0,16.967468214035016,1,6.6,-4.348291730880737,4.348291730880737,18.907640976845794,1
Chris Rodriguez Jr.,RB,2025,17,2026,1,1,6.576778888702393,False,0,0.0,21.292538833618146,1,2.3000000000000003,4.276778888702392,4.276778888702392,18.290837662850468,1
Cam Skattebo,RB,2025,17,2026,1,1,9.873594284057615,False,0,0.0,24.58935422897337,1,14.1,-4.226405715942384,4.226405715942384,17.862505275750458,1
Konata Mumpfield,WR,2025,17,2026,1,1,4.226003170013428,False,0,0.0,18.94176311492918,1,0.0,4.226003170013428,4.226003170013428,17.85910279296354,1
Mike Evans,WR,2025,17,2026,1,1,12.678486824035645,False,0,1.5798713684082024,27.3942467689514,1,16.9,-4.221513175964354,4.221513175964354,17.821173494840647,1
Raheim Sanders,RB,2025,17,2026,1,1,9.77920150756836,False,0,0.0,24.494961452484112,1,5.6,4.17920150756836,4.17920150756836,17.46572524086165,1
Michael Pittman,WR,2025,17,2026,1,1,12.822175979614258,False,0,1.7235605239868157,27.53793592453001,1,8.8,4.022175979614257,4.022175979614257,16.177899610985907,1
Travis Etienne,RB,2025,17,2026,1,1,10.809904098510742,False,0,0.0,25.52566404342649,1,14.8,-3.9900959014892585,3.9900959014892585,15.920865303081378,1
Adonai Mitchell,WR,2025,17,2026,1,1,5.258836269378662,False,0,0.0,19.97459621429441,1,9.0,-3.741163730621338,3.741163730621338,13.996306059316566,1
Marvin Harrison Jr.,WR,2025,17,2026,1,1,8.027825355529785,False,0,0.0,22.74358530044553,1,4.300000000000001,3.7278253555297844,3.7278253555297844,13.896681881330764,1
Rashod Bateman,WR,2025,17,2026,1,1,3.651532888412476,False,0,0.0,18.36729283332823,1,0.0,3.651532888412476,3.651532888412476,13.33369243515796,1
Arian Smith,WR,2025,17,2026,1,1,3.650484323501587,False,0,0.0,18.36624426841734,1,0.0,3.650484323501587,3.650484323501587,13.326035796130839,1
Tahj Brooks,RB,2025,17,2026,1,1,3.581654787063598,False,0,0.0,18.29741473197935,1,0.0,3.581654787063598,3.581654787063598,12.828251013695589,1
Xavier Smith,WR,2025,17,2026,1,1,3.5145084857940674,False,0,0.0,18.23026843070982,1,0.0,3.5145084857940674,3.5145084857940674,12.351769896718508,1
Xavier Legette,WR,2025,17,2026,1,1,3.487921714782715,False,0,0.0,18.203681659698468,1,0.0,3.487921714782715,3.487921714782715,12.165597888452794,1
Hunter Luepke,RB,2025,17,2026,1,1,4.15964937210083,False,0,0.0,18.875409317016583,1,0.7000000000000001,3.45964937210083,3.45964937210083,11.969173777877666,1
Bo Melton,WR,2025,17,2026,1,1,5.431766510009766,False,0,0.0,20.14752645492552,1,2.0,3.4317665100097656,3.4317665100097656,11.777021379224607,1
Christian McCaffrey,RB,2025,17,2026,1,1,17.2288818359375,False,0,6.130266380310058,31.944641780853253,1,13.8,3.4288818359374993,3.4288818359374993,11.757230644822116,1
Ladd McConkey,WR,2025,17,2026,1,1,15.872809410095217,False,0,4.774193954467773,30.588569355010968,1,19.200000000000003,-3.3271905899047862,3.3271905899047862,11.07019722155096,1
Derius Davis,WR,2025,17,2026,1,1,3.3216216564178467,False,0,0.0,18.0373816013336,1,0.0,3.3216216564178467,3.3216216564178467,11.03317042838404,1
Jimmy Horn Jr.,WR,2025,17,2026,1,1,3.28247594833374,False,0,0.0,17.998235893249493,1,0.0,3.28247594833374,3.28247594833374,10.774648351389484,1
Chase Brown,RB,2025,17,2026,1,1,15.557175636291504,False,0,4.458560180664062,30.272935581207257,1,18.8,-3.242824363708497,3.242824363708497,10.515909853861418,1
Isaiah Williams,WR,2025,17,2026,1,1,4.853957653045654,False,0,0.0,19.569717597961407,1,1.7000000000000002,3.153957653045654,3.153957653045654,9.94744887720525,1
Dylan Laube,RB,2025,17,2026,1,1,3.149821281433105,False,0,0.0,17.86558122634886,1,0.0,3.149821281433105,3.149821281433105,9.921374104968887,1
Michael Wilson,WR,2025,17,2026,1,1,7.463726043701172,False,0,0.0,22.179485988616925,1,10.6,-3.1362739562988278,3.1362739562988278,9.8362143289583,1
Jerry Jeudy,WR,2025,17,2026,1,1,7.708691120147705,False,0,0.0,22.42445106506345,1,4.6,3.1086911201477054,3.1086911201477054,9.663960480485196,1
Kaleb Johnson,RB,2025,17,2026,1,1,3.088762760162353,False,0,0.0,17.804522705078107,1,0.0,3.088762760162353,3.088762760162353,9.540455388565757,1
Keon Coleman,WR,2025,17,2026,1,1,3.988237619400024,False,0,0.0,18.703997564315777,1,1.1,2.888237619400024,2.888237619400024,8.341916546117517,1
Jaylin Lane,WR,2025,17,2026,1,1,4.210568904876709,False,0,0.0,18.926328849792466,1,1.4,2.810568904876709,2.810568904876709,7.899297569059864,1
Jordan Mason,RB,2025,17,2026,1,1,9.09528636932373,False,0,0.0,23.811046314239483,1,11.9,-2.80471363067627,2.80471363067627,7.866418550101264,1
Xavier Worthy,WR,2025,17,2026,1,1,7.583407878875732,False,0,0.0,22.299167823791485,1,4.8,2.7834078788757326,2.7834078788757326,7.747359420187505,1
DeMario Douglas,WR,2025,17,2026,1,1,4.224177837371826,False,0,0.0,18.93993778228758,1,7.0,-2.775822162628174,2.775822162628174,7.705188678537752,1
Emari Demercado,RB,2025,17,2026,1,1,3.457688570022583,False,0,0.0,18.173448514938336,1,0.7000000000000001,2.757688570022583,2.757688570022583,7.604846249233198,1
Kayshon Boutte,WR,2025,17,2026,1,1,5.794175624847412,False,0,0.0,20.509935569763165,1,3.1,2.694175624847412,2.694175624847412,7.258582297521943,1
Terry McLaurin,WR,2025,17,2026,1,1,6.084438323974609,False,0,0.0,20.80019826889036,1,3.4000000000000004,2.684438323974609,2.684438323974609,7.206209115223608,1
Rasheen Ali,RB,2025,17,2026,1,1,2.6737964153289795,False,0,0.0,17.389556360244733,1,0.0,2.6737964153289795,2.6737964153289795,7.149187270626101,1
Alec Ingold,RB,2025,17,2026,1,1,2.671870231628418,False,0,0.0,17.38763017654417,1,0.0,2.671870231628418,2.671870231628418,7.138890534662096,1
Rome Odunze,WR,2025,17,2026,1,1,9.835404396057127,False,0,0.0,24.55116434097288,1,7.2,2.635404396057127,2.635404396057127,6.94535633075723,1
Tyjae Spears,RB,2025,17,2026,1,1,7.006671905517578,False,0,0.0,21.72243185043333,1,4.4,2.6066719055175778,2.6066719055175778,6.79473842301464,1
Rashee Rice,WR,2025,17,2026,1,1,7.383947849273682,False,0,0.0,22.099707794189435,1,9.9,-2.5160521507263187,2.5160521507263187,6.330518425174534,1
Jacob Cowing,WR,2025,17,2026,1,1,2.450212955474853,False,0,0.0,17.165972900390607,1,0.0,2.450212955474853,2.450212955474853,6.003543527176815,1
Patrick Ricard,RB,2025,17,2026,1,1,2.4276554584503174,False,0,0.0,17.14341540336607,1,0.0,2.4276554584503174,2.4276554584503174,5.893511024943621,1
Kameron Johnson,WR,2025,17,2026,1,1,2.365971803665161,False,0,0.0,17.081731748580914,1,0.0,2.365971803665161,2.365971803665161,5.597822575738576,1
Brady Russell,RB,2025,17,2026,1,1,1.6347150802612305,False,0,0.0,16.350475025176983,1,4.0,-2.3652849197387695,2.3652849197387695,5.594572751543637,1
Myles Price,WR,2025,17,2026,1,1,2.345431089401245,False,0,0.0,17.061191034316998,1,0.0,2.345431089401245,2.345431089401245,5.5010469951299115,1
Jordan Whittington,WR,2025,17,2026,1,1,4.103951930999756,False,0,0.0,18.81971187591551,1,1.8,2.303951930999756,2.303951930999756,5.308194500357504,1
Cyrus Allen,WR,2025,17,2026,1,1,2.253998279571533,False,0,0.0,16.969758224487286,1,0.0,2.253998279571533,2.253998279571533,5.0805082443114316,1
Zachariah Branch,WR,2025,17,2026,1,1,2.25321888923645,False,0,0.0,16.968978834152203,1,0.0,2.25321888923645,2.25321888923645,5.076995362811942,1
Kaden Wetjen,WR,2025,17,2026,1,1,2.253054618835449,False,0,0.0,16.968814563751202,1,0.0,2.253054618835449,2.253054618835449,5.076255115455751,1
Kevin Coleman Jr.,WR,2025,17,2026,1,1,2.2526957988739014,False,0,0.0,16.968455743789654,1,0.0,2.2526957988739014,2.2526957988739014,5.074638362264125,1
Montorie Foster Jr,WR,2025,17,2026,1,1,2.252166509628296,False,0,0.0,16.96792645454405,1,0.0,2.252166509628296,2.252166509628296,5.072253987091301,1
Jonah Coleman,RB,2025,17,2026,1,1,2.250089406967163,False,0,0.0,16.965849351882916,1,0.0,2.250089406967163,2.250089406967163,5.06290233934584,1
Eli Heidenreich,RB,2025,17,2026,1,1,2.249340772628784,False,0,0.0,16.965100717544537,1,0.0,2.249340772628784,2.249340772628784,5.059533911410256,1
Malachi Fields,WR,2025,17,2026,1,1,2.25273871421814,False,0,0.0,16.968498659133893,1,4.5,-2.24726128578186,2.24726128578186,5.0501832865739384,1
Samaje Perine,RB,2025,17,2026,1,1,5.824721813201904,False,0,0.0,20.540481758117657,1,8.0,-2.1752781867980957,2.1752781867980957,4.731835189959611,1
Connor Heyward,RB,2025,17,2026,1,1,2.248530626296997,False,0,0.0,16.96429057121275,1,0.1,2.148530626296997,2.148530626296997,4.616183852136166,1
Brian Thomas Jr.,WR,2025,17,2026,1,1,9.083476066589355,False,0,0.0,23.79923601150511,1,7.0,2.0834760665893555,2.0834760665893555,4.340872520050652,1
MarShawn Lloyd,RB,2025,17,2026,1,1,1.6402479410171509,False,0,0.0,16.356007885932904,1,3.7,-2.0597520589828493,2.0597520589828493,4.242578544484087,1
Laquon Treadwell,WR,2025,17,2026,1,1,2.0414788722991943,False,0,0.0,16.757238817214947,1,0.0,2.0414788722991943,2.0414788722991943,4.16763598604399,1
Darius Cooper,WR,2025,17,2026,1,1,2.039766311645508,False,0,0.0,16.75552625656126,1,0.0,2.039766311645508,2.039766311645508,4.160646606123919,1
Ashton Dulin,WR,2025,17,2026,1,1,2.0391924381256104,False,0,0.0,16.754952383041363,1,0.0,2.0391924381256104,2.0391924381256104,4.158305799708671,1
Skyy Moore,WR,2025,17,2026,1,1,1.9924718141555784,False,0,0.0,16.70823175907133,1,0.0,1.9924718141555784,1.9924718141555784,3.9699439302044217,1
Corey Kiner,RB,2025,17,2026,1,1,3.066547155380249,False,0,0.0,17.782307100296002,1,1.1,1.966547155380249,1.966547155380249,3.867307714334149,1
Barion Brown,WR,2025,17,2026,1,1,2.253368139266968,False,0,0.0,16.96912808418272,1,0.3,1.9533681392669682,1.9533681392669682,3.8156470875032977,1
Chris Blair,WR,2025,17,2026,1,1,1.936743974685669,False,0,0.0,16.652503919601422,1,0.0,1.936743974685669,1.936743974685669,3.750977223481243,1
Xavier Hutchinson,WR,2025,17,2026,1,1,8.104573249816895,False,0,0.0,22.820333194732648,1,6.2,1.9045732498168944,1.9045732498168944,3.627399263918086,1
Simi Fehoko,WR,2025,17,2026,1,1,1.900690555572509,False,0,0.0,16.616450500488263,1,0.0,1.900690555572509,1.900690555572509,3.612624588042533,1
Jacob Saylors,RB,2025,17,2026,1,1,1.869034767150879,False,0,0.0,16.584794712066632,1,0.0,1.869034767150879,1.869034767150879,3.49329096081874,1
Mike Washington Jr.,RB,2025,17,2026,1,1,2.248530626296997,False,0,0.0,16.96429057121275,1,4.1000000000000005,-1.8514693737030035,1.8514693737030035,3.427938841760192,1
Ray Davis,RB,2025,17,2026,1,1,2.1390321254730225,False,0,0.0,16.854792070388775,1,0.3,1.8390321254730224,1.8390321254730224,3.3820391585218226,1
Tay Martin,WR,2025,17,2026,1,1,1.838780403137207,False,0,0.0,16.55454034805296,1,0.0,1.838780403137207,1.838780403137207,3.3811133709614296,1
Tre Harris,WR,2025,17,2026,1,1,6.814039707183838,False,0,0.0,21.52979965209959,1,5.0,1.814039707183838,1.814039707183838,3.2907400592396243,1
RJ Harvey,RB,2025,17,2026,1,1,6.341933727264404,False,0,0.0,21.05769367218016,1,8.100000000000001,-1.7580662727355971,1.7580662727355971,3.090797019330435,1
Omar Cooper Jr.,WR,2025,17,2026,1,1,2.252317428588867,False,0,0.0,16.96807737350462,1,4.0,-1.7476825714111328,1.7476825714111328,3.0543943704142293,1
Dareke Young,WR,2025,17,2026,1,1,1.6997126340866089,False,0,0.0,16.415472579002362,1,0.0,1.6997126340866089,1.6997126340866089,2.8890230384736384,1
Nikko Remigio,WR,2025,17,2026,1,1,1.571669340133667,False,0,0.0,16.28742928504942,1,0.0,1.571669340133667,1.571669340133667,2.4701445147161962,1
Roschon Johnson,RB,2025,17,2026,1,1,1.555994153022766,False,0,0.0,16.27175409793852,1,0.0,1.555994153022766,1.555994153022766,2.4211178042410344,1
Dohnte Meyers,WR,2025,17,2026,1,1,2.25278902053833,False,0,0.0,16.968548965454083,1,3.8,-1.5472109794616697,1.5472109794616697,2.393861814966739,1
Jalen Royals,WR,2025,17,2026,1,1,1.5226800441741943,False,0,0.0,16.238439989089947,1,0.0,1.5226800441741943,1.5226800441741943,2.3185545169263264,1
George Holani,RB,2025,17,2026,1,1,1.405821442604065,False,0,0.0,16.121581387519818,1,2.9000000000000004,-1.4941785573959354,1.4941785573959354,2.2325695613817986,1
Chris Godwin Jr.,WR,2025,17,2026,1,1,6.839276313781738,False,0,0.0,21.55503625869749,1,8.3,-1.4607236862182624,1.4607236862182624,2.133713687479069,1
Malik Benson,WR,2025,17,2026,1,1,2.252138376235962,False,0,0.0,16.967898321151715,1,0.8,1.4521383762359619,1.4521383762359619,2.108705863737216,1
Devin Duvernay,WR,2025,17,2026,1,1,1.393911361694336,False,0,0.0,16.10967130661009,1,0.0,1.393911361694336,1.393911361694336,1.9429888842605578,1
Jakobi Meyers,WR,2025,17,2026,1,1,10.84558391571045,False,0,0.0,25.5613438606262,1,12.2,-1.35441608428955,1.35441608428955,1.8344429293822375,1
Blake Corum,RB,2025,17,2026,1,1,4.055758476257324,False,0,0.0,18.77151842117308,1,5.4,-1.3442415237426761,1.3442415237426761,1.8069852741540318,1
Brycen Tremayne,WR,2025,17,2026,1,1,1.3240150213241575,False,0,0.0,16.03977496623991,1,0.0,1.3240150213241575,1.3240150213241575,1.7530157766920091,1
Chris Brooks,RB,2025,17,2026,1,1,1.5805751085281372,False,0,0.0,16.29633505344389,1,2.9000000000000004,-1.3194248914718631,1.3194248914718631,1.740882044235538,1
KaVontae Turpin,WR,2025,17,2026,1,1,3.118459463119507,False,0,0.0,17.83421940803526,1,1.8,1.3184594631195068,1.3184594631195068,1.7383353558893782,1
Sione Vaki,RB,2025,17,2026,1,1,1.5293220281600952,False,0,0.0,16.24508197307585,1,2.8,-1.2706779718399046,1.2706779718399046,1.6146225081191734,1
Seth McGowan,RB,2025,17,2026,1,1,2.2486462593078613,False,0,0.0,16.964406204223614,1,1.0,1.2486462593078613,1.2486462593078613,1.5591174808835149,1
Chris Bell,WR,2025,17,2026,1,1,2.2526957988739014,False,0,0.0,16.968455743789654,1,3.5,-1.2473042011260986,1.2473042011260986,1.555767770146815,1
Jaylin Noel,WR,2025,17,2026,1,1,6.057312965393066,False,0,0.0,20.77307291030882,1,7.300000000000001,-1.2426870346069343,1.2426870346069343,1.544271065980176,1
LaJohntay Wester,WR,2025,17,2026,1,1,2.2604002952575684,False,0,0.0,16.97616024017332,1,3.5,-1.2395997047424316,1.2395997047424316,1.5366074279975237,1
Malik Washington,WR,2025,17,2026,1,1,5.073639869689941,False,0,0.0,19.78939981460569,1,6.300000000000001,-1.2263601303100593,1.2263601303100593,1.5039591692141057,1
Cooper Kupp,WR,2025,17,2026,1,1,4.362523078918457,False,0,0.0,19.07828302383421,1,5.5,-1.137476921081543,1.137476921081543,1.2938537459931467,1
Ronnie Rivers,RB,2025,17,2026,1,1,2.313493490219116,False,0,0.0,17.02925343513487,1,3.4000000000000004,-1.0865065097808841,1.0865065097808841,1.1804963957962384,1
Roman Wilson,WR,2025,17,2026,1,1,4.520442485809326,False,0,0.0,19.23620243072508,1,5.6,-1.0795575141906735,1.0795575141906735,1.1654444264455461,1
Khalil Shakir,WR,2025,17,2026,1,1,7.973573684692383,False,0,0.0,22.689333629608136,1,9.0,-1.0264263153076172,1.0264263153076172,1.053550980755972,1
Elic Ayomanor,WR,2025,17,2026,1,1,9.115124702453612,False,0,0.0,23.830884647369366,1,8.1,1.0151247024536119,1.0151247024536119,1.030478161531534,1
Jalen Nailor,WR,2025,17,2026,1,1,4.7247185707092285,False,0,0.0,19.44047851562498,1,5.7,-0.9752814292907717,0.9752814292907717,0.9511738663194504,1
Braelon Allen,RB,2025,17,2026,1,1,3.066324710845948,False,0,0.0,17.7820846557617,1,4.0,-0.9336752891540518,0.9336752891540518,0.8717495455769023,1
Luther Burden III,WR,2025,17,2026,1,1,8.57140064239502,False,0,0.0,23.287160587310773,1,9.5,-0.9285993576049805,0.9285993576049805,0.8622967669443824,1
Justice Hill,RB,2025,17,2026,1,1,2.875546455383301,False,0,0.0,17.591306400299054,1,3.8,-0.924453544616699,0.924453544616699,0.8546143561543792,1
Ameer Abdullah,RB,2025,17,2026,1,1,5.096846103668213,False,0,0.0,19.81260604858397,1,4.2,0.8968461036682127,0.8968461036682127,0.8043329336648546,1
AJ Dillon,RB,2025,17,2026,1,1,1.9271423816680908,False,0,0.0,16.642902326583844,1,2.8000000000000003,-0.8728576183319094,0.8728576183319094,0.7618804218800533,1
Will Shipley,RB,2025,17,2026,1,1,1.3982805013656616,False,0,0.0,16.114040446281415,1,2.2,-0.8017194986343386,0.8017194986343386,0.6427541544904952,1
Ryan Flournoy,WR,2025,17,2026,1,1,5.000494480133057,False,0,0.0,19.71625442504881,1,4.2,0.8004944801330565,0.8004944801330565,0.6407914127234924,1
J.K. Dobbins,RB,2025,17,2026,1,1,4.396863460540772,False,0,0.0,19.112623405456524,1,3.6,0.7968634605407723,0.7968634605407723,0.634991374745015,1
Malik Nabers,WR,2025,17,2026,1,1,12.154561042785645,False,0,1.0559455871582024,26.8703209877014,1,12.9,-0.7454389572143558,0.7454389572143558,0.5556792389328262,1
Kaytron Allen,RB,2025,17,2026,1,1,2.2502105236053467,False,0,0.0,16.9659704685211,1,1.6,0.6502105236053466,0.6502105236053466,0.422773725007139,1
Alec Pierce,WR,2025,17,2026,1,1,10.742491722106934,False,0,0.0,25.458251667022687,1,10.1,0.642491722106934,0.642491722106934,0.41279561297593365,1
Kyren Williams,RB,2025,17,2026,1,1,14.873211860656738,False,0,3.774596405029296,29.58897180557249,1,15.5,-0.6267881393432617,0.6267881393432617,0.39286337162138807,1
Jahan Dotson,WR,2025,17,2026,1,1,2.3659677505493164,False,0,0.0,17.08172769546507,1,2.9000000000000004,-0.534032249450684,0.534032249450684,0.28519044345335753,1
Travis Hunter,WR,2025,17,2026,1,1,1.6021225452423096,False,0,0.0,16.317882490158063,1,2.1,-0.4978774547576905,0.4978774547576905,0.24788195995599616,1
Jonathan Mingo,WR,2025,17,2026,1,1,2.478185176849365,False,0,0.0,17.19394512176512,1,2.0,0.4781851768493648,0.4781851768493648,0.2286610633584583,1
Mack Hollins,WR,2025,17,2026,1,1,8.686239242553711,False,0,0.0,23.401999187469464,1,9.1,-0.4137607574462887,0.4137607574462887,0.17119796440252655,1
Darnell Mooney,WR,2025,17,2026,1,1,4.3104023933410645,False,0,0.0,19.026162338256817,1,4.7,-0.3895976066589357,0.3895976066589357,0.1517862951143708,1
Jared Wayne,WR,2025,17,2026,1,1,2.57697868347168,False,0,0.0,17.292738628387433,1,2.2,0.37697868347167995,0.37697868347167995,0.14211292779204107,1
Tetairoa McMillan,WR,2025,17,2026,1,1,10.227742195129396,False,0,0.0,24.943502140045148,1,10.5,-0.2722578048706037,0.2722578048706037,0.07412431231295971,1
Makai Lemon,WR,2025,17,2026,1,1,2.2526235580444336,False,0,0.0,16.968383502960187,1,2.5,-0.2473764419555664,0.2473764419555664,0.061195104034595715,1
Ja'Kobi Lane,WR,2025,17,2026,1,1,2.2526748180389404,False,0,0.0,16.968434762954693,1,2.1,0.15267481803894034,0.15267481803894034,0.023309600063223544,1
CeeDee Lamb,WR,2025,17,2026,1,1,15.28083038330078,False,0,4.182214927673339,29.99659032821653,1,15.4,-0.11916961669922088,0.11916961669922088,0.014201397544239224,1
Josh Downs,WR,2025,17,2026,1,1,5.587738990783691,False,0,0.0,20.303498935699444,1,5.7,-0.11226100921630877,0.11226100921630877,0.012602534190264162,1
Andrei Iosivas,WR,2025,17,2026,1,1,3.092013120651245,False,0,0.0,17.807773065566998,1,3.2,-0.10798687934875506,0.10798687934875506,0.011661166111482582,1
Pat Bryant,WR,2025,17,2026,1,1,8.272521018981934,False,0,0.0,22.988280963897687,1,8.2,0.0725210189819343,0.0725210189819343,0.0052592981941780755,1
Jaxon Smith-Njigba,WR,2026,1,2026,2,1,18.017911911010746,False,0,6.9192964553833,32.733671855926495,2,42.5,-24.482088088989254,24.482088088989254,599.3726371970295,2
Davante Adams,WR,2026,1,2026,2,1,16.679487228393555,False,0,5.580871772766113,31.395247173309308,2,39.5,-22.820512771606445,22.820512771606445,520.7758031590529,2
CeeDee Lamb,WR,2026,1,2026,2,1,17.444974899291992,False,0,6.34635944366455,32.160734844207745,2,35.3,-17.855025100708005,17.855025100708005,318.8019213469129,2
Rashod Bateman,WR,2026,1,2026,2,1,4.403475284576416,False,0,0.0,19.11923522949217,2,21.8,-17.396524715423585,17.396524715423585,302.63907217434365,2
Kenneth Walker III,RB,2026,1,2026,2,1,6.858743667602539,False,0,0.0,21.57450361251829,2,23.8,-16.94125633239746,16.94125633239746,287.0061661199971,2
Amon-Ra St. Brown,WR,2026,1,2026,2,1,18.33449363708496,False,0,7.235878181457519,33.050253582000714,2,35.2,-16.865506362915042,16.865506362915042,284.44530487752775,2
Denzel Boston,WR,2026,1,2026,2,1,3.647415161132813,False,0,0.0,18.36317510604857,2,20.5,-16.852584838867188,16.852584838867188,284.0096157512162,2
Cody White,WR,2026,1,2026,2,1,1.022105097770691,False,0,0.0,15.737865042686444,2,16.4,-15.377894902229308,15.377894902229308,236.47965162401013,2
Jonathan Taylor,RB,2026,1,2026,2,1,15.60604476928711,False,0,4.507429313659667,30.321804714202862,2,29.200000000000003,-13.593955230712893,13.593955230712893,184.79561881462644,2
Jonah Coleman,RB,2026,1,2026,2,1,1.4043874740600586,False,0,0.0,16.12014741897581,2,14.8,-13.395612525939942,13.395612525939942,179.4424349451191,2
Ryan Miller,WR,2026,1,2026,2,1,1.509323000907898,False,0,0.0,16.22508294582365,2,14.7,-13.190676999092101,13.190676999092101,173.9939596943774,2
DeVonta Smith,WR,2026,1,2026,2,1,15.390243530273438,False,0,4.291628074645995,30.10600347518919,2,27.700000000000003,-12.309756469726565,12.309756469726565,151.53010434397504,2
Saquon Barkley,RB,2026,1,2026,2,1,15.20559787750244,False,0,4.106982421874999,29.921357822418194,2,3.0,12.20559787750244,12.20559787750244,148.97661954729205,2
Keenan Allen,WR,2026,1,2026,2,1,12.919880867004396,False,0,1.8212654113769524,27.635640811920148,2,1.5,11.419880867004396,11.419880867004396,130.41367901657307,2
Wan'Dale Robinson,WR,2026,1,2026,2,1,13.273151397705078,False,0,2.174535942077636,27.98891134262083,2,1.9,11.373151397705078,11.373151397705078,129.34857271512095,2
Alec Pierce,WR,2026,1,2026,2,1,13.401723861694336,False,0,2.303108406066894,28.11748380661009,2,2.1,11.301723861694336,11.301723861694336,127.72896224599114,2
DJ Moore,WR,2026,1,2026,2,1,11.195377349853516,False,0,0.0967618942260735,25.91113729476927,2,-0.1,11.295377349853515,11.295377349853515,127.58554947558382,2
Jameson Williams,WR,2026,1,2026,2,1,16.342668533325195,False,0,5.244053077697753,31.05842847824095,2,5.300000000000001,11.042668533325195,11.042668533325195,121.94052833689041,2
Stefon Diggs,WR,2026,1,2026,2,1,10.689833641052246,False,0,0.0,25.405593585968,2,21.7,-11.010166358947753,11.010166358947753,121.22376325170482,2
Malik Nabers,WR,2026,1,2026,2,1,12.009195327758787,False,0,0.910579872131347,26.724955272674546,2,1.1,10.909195327758788,10.909195327758788,119.01054269919416,2
Bhayshul Tuten,RB,2026,1,2026,2,1,3.539640426635742,False,0,0.0,18.25540037155149,2,14.2,-10.660359573364257,10.660359573364257,113.64326623341897,2
Parker Washington,WR,2026,1,2026,2,1,6.524710655212402,False,0,0.0,21.240470600128155,2,16.8,-10.275289344787598,10.275289344787598,105.58157111910555,2
Chris Olave,WR,2026,1,2026,2,1,12.797677993774414,False,0,1.699062538146972,27.513437938690167,2,22.6,-9.802322006225587,9.802322006225587,96.08551671373442,2
Garrett Wilson,WR,2026,1,2026,2,1,7.005166053771973,False,0,0.0,21.72092599868773,2,16.7,-9.694833946228027,9.694833946228027,93.9898052449353,2
Tre Tucker,WR,2026,1,2026,2,1,13.322223663330078,False,0,2.223608207702636,28.03798360824583,2,22.9,-9.57777633666992,9.57777633666992,91.73379955527429,2
Jerry Jeudy,WR,2026,1,2026,2,1,9.474425315856934,False,0,0.0,24.190185260772687,2,0.0,9.474425315856934,9.474425315856934,89.76473506575076,2
Jordan Addison,WR,2026,1,2026,2,1,13.50698471069336,False,0,2.4083692550659173,28.222744655609112,2,4.1,9.40698471069336,9.40698471069336,88.49136134721863,2
Jaylen Waddle,WR,2026,1,2026,2,1,12.456613540649414,False,0,1.357998085021972,27.172373485565167,2,21.8,-9.343386459350587,9.343386459350587,87.2988705287759,2
Jakobi Meyers,WR,2026,1,2026,2,1,12.951253890991213,False,0,1.8526384353637688,27.667013835906964,2,3.8,9.151253890991214,9.151253890991214,83.74544777738183,2
Troy Franklin,WR,2026,1,2026,2,1,12.785515785217283,False,0,1.686900329589843,27.50127573013304,2,3.7,9.085515785217282,9.085515785217282,82.54659708343242,2
Tank Bigsby,RB,2026,1,2026,2,1,2.761281490325928,False,0,0.0,17.47704143524168,2,11.8,-9.038718509674073,9.038718509674073,81.6984322971247,2
Kimani Vidal,RB,2026,1,2026,2,1,8.971975326538086,False,0,0.0,23.68773527145384,2,0.0,8.971975326538086,8.971975326538086,80.4963412600082,2
Darius Cooper,WR,2026,1,2026,2,1,1.771254301071167,False,0,0.0,16.48701424598692,2,10.6,-8.828745698928833,8.828745698928833,77.94675061635436,2
Ja'Marr Chase,WR,2026,1,2026,2,1,17.918149948120117,False,0,6.819534492492675,32.63390989303587,2,26.5,-8.581850051879883,8.581850051879883,73.64815031295075,2
Courtland Sutton,WR,2026,1,2026,2,1,13.930974960327148,False,0,2.8323595046997063,28.6467349052429,2,5.5,8.430974960327148,8.430974960327148,71.08133878166336,2
Marvin Harrison Jr.,WR,2026,1,2026,2,1,8.371809005737305,False,0,0.0,23.087568950653058,2,0.0,8.371809005737305,8.371809005737305,70.08718602854424,2
Kenny Gainwell,RB,2026,1,2026,2,1,12.804834365844728,False,0,1.7062189102172844,27.52059431076048,2,4.5,8.304834365844728,8.304834365844728,68.97027384411561,2
Olamide Zaccheaus,WR,2026,1,2026,2,1,9.425745964050291,False,0,0.0,24.14150590896605,2,1.3,8.12574596405029,8.12574596405029,66.02774747227959,2
Kyle Juszczyk,RB,2026,1,2026,2,1,2.6153311729431152,False,0,0.0,17.33109111785887,2,10.7,-8.084668827056884,8.084668827056884,65.36187004318533,2
Isaiah Williams,WR,2026,1,2026,2,1,2.779747009277344,False,0,0.0,17.495506954193097,2,10.8,-8.020252990722657,8.020252990722657,64.32445803519572,2
Jalen Royals,WR,2026,1,2026,2,1,0.9009888172149658,False,0,0.0,15.61674876213072,2,8.6,-7.699011182785034,7.699011182785034,59.27477319264901,2
Keon Coleman,WR,2026,1,2026,2,1,4.621364593505859,False,0,0.0,19.33712453842161,2,12.3,-7.678635406494141,7.678635406494141,58.96144170586545,2
Ladd McConkey,WR,2026,1,2026,2,1,14.08969783782959,False,0,2.991082382202148,28.805457782745343,2,6.5,7.58969783782959,7.58969783782959,57.60351326955515,2
Rico Dowdle,RB,2026,1,2026,2,1,13.939245223999023,False,0,2.8406297683715813,28.655005168914776,2,6.4,7.539245223999023,7.539245223999023,56.84021854759208,2
DK Metcalf,WR,2026,1,2026,2,1,13.874099731445312,False,0,2.7754842758178704,28.589859676361066,2,6.7,7.174099731445312,7.174099731445312,51.4677069567237,2
Aaron Jones,RB,2026,1,2026,2,1,17.626220703125,False,0,6.527605247497558,32.34198064804075,2,10.5,7.126220703125,7.126220703125,50.78302150964737,2
Chimere Dike,WR,2026,1,2026,2,1,6.824234962463379,False,0,0.0,21.53999490737913,2,0.0,6.824234962463379,6.824234962463379,46.570182822907555,2
Chase Brown,RB,2026,1,2026,2,1,18.001230239868164,False,0,6.902614784240722,32.71699018478392,2,11.2,6.801230239868165,6.801230239868165,46.256732775697174,2
KC Concepcion,WR,2026,1,2026,2,1,1.475138783454895,False,0,0.0,16.190898728370648,2,8.2,-6.724861216545104,6.724861216545104,45.2237583817925,2
George Pickens,WR,2026,1,2026,2,1,16.648813247680664,False,0,5.550197792053222,31.364573192596417,2,10.0,6.648813247680664,6.648813247680664,44.2067176025339,2
MarShawn Lloyd,RB,2026,1,2026,2,1,1.9895174503326416,False,0,0.0,16.705277395248395,2,8.6,-6.610482549667358,6.610482549667358,43.698479539456656,2
James Cook,RB,2026,1,2026,2,1,14.29891300201416,False,0,3.200297546386718,29.01467294692992,2,20.9,-6.601086997985838,6.601086997985838,43.57434955497769,2
Bijan Robinson,RB,2026,1,2026,2,1,17.63567352294922,False,0,6.537058067321777,32.35143346786497,2,11.1,6.535673522949219,6.535673522949219,42.715028398579456,2
John Metchie III,WR,2026,1,2026,2,1,6.362159729003906,False,0,0.0,21.07791967391966,2,0.0,6.362159729003906,6.362159729003906,40.47707641735906,2
Tyrone Tracy Jr.,RB,2026,1,2026,2,1,6.328679084777832,False,0,0.0,21.044439029693585,2,0.0,6.328679084777832,6.328679084777832,40.05217895810438,2
Quentin Johnston,WR,2026,1,2026,2,1,8.635234832763672,False,0,0.0,23.350994777679425,2,2.4000000000000004,6.2352348327636715,6.2352348327636715,38.87815341970941,2
Chris Rodriguez Jr.,RB,2026,1,2026,2,1,7.53192138671875,False,0,0.0,22.247681331634503,2,1.3,6.23192138671875,6.23192138671875,38.83684417024255,2
Germie Bernard,WR,2026,1,2026,2,1,1.3196511268615725,False,0,0.0,16.035411071777325,2,7.5,-6.180348873138428,6.180348873138428,38.19671219370343,2
Jayden Reed,WR,2026,1,2026,2,1,7.536899089813232,False,0,0.0,22.252659034728985,2,1.4,6.136899089813232,6.136899089813232,37.66153043855048,2
Bucky Irving,RB,2026,1,2026,2,1,7.044689655303955,False,0,0.0,21.760449600219708,2,13.0,-5.955310344696045,5.955310344696045,35.465721301643725,2
Laquon Treadwell,WR,2026,1,2026,2,1,3.152813196182251,False,0,0.0,17.868573141098004,2,9.1,-5.947186803817749,5.947186803817749,35.36903087950397,2
Xavier Worthy,WR,2026,1,2026,2,1,7.554080963134766,False,0,0.0,22.26984090805052,2,13.5,-5.945919036865234,5.945919036865234,35.353953192956396,2
Ollie Gordon II,RB,2026,1,2026,2,1,6.643821716308594,False,0,0.0,21.359581661224347,2,0.7000000000000001,5.943821716308594,5.943821716308594,35.329016595261635,2
De'Von Achane,RB,2026,1,2026,2,1,18.116788864135746,False,0,7.0181734085083,32.832548809051495,2,12.3,5.816788864135745,5.816788864135745,33.83503268993361,2
Rashee Rice,WR,2026,1,2026,2,1,6.556836128234863,False,0,0.0,21.272596073150616,2,12.3,-5.743163871765137,5.743163871765137,32.98393125794832,2
Jeremiyah Love,RB,2026,1,2026,2,1,1.77453351020813,False,0,0.0,16.490293455123883,2,7.5,-5.72546648979187,5.72546648979187,32.78096652572964,2
KaVontae Turpin,WR,2026,1,2026,2,1,5.706646919250488,False,0,0.0,20.42240686416624,2,0.1,5.606646919250489,5.606646919250489,31.434489677140995,2
Devaughn Vele,WR,2026,1,2026,2,1,5.812365531921387,False,0,0.0,20.52812547683714,2,11.4,-5.587634468078614,5.587634468078614,31.22165894886017,2
Justin Jefferson,LB,2026,1,2026,2,1,14.044979095458984,False,0,2.9463636398315423,28.760739040374737,2,8.5,5.544979095458984,5.544979095458984,30.746793169077137,2
Javonte Williams,RB,2026,1,2026,2,1,13.476804733276367,False,0,2.378189277648925,28.19256467819212,2,8.0,5.476804733276367,5.476804733276367,29.99539008643842,2
Jahmyr Gibbs,RB,2026,1,2026,2,1,17.854127883911133,False,0,6.755512428283691,32.569887828826886,2,23.3,-5.445872116088868,5.445872116088868,29.657523104794244,2
Kalif Raymond,WR,2026,1,2026,2,1,3.605020761489868,False,0,0.0,18.32078070640562,2,9.0,-5.394979238510132,5.394979238510132,29.105800983955362,2
Drake London,WR,2026,1,2026,2,1,14.291318893432615,False,0,3.192703437805175,29.00707883834837,2,8.9,5.391318893432615,5.391318893432615,29.066319410683477,2
Cam Skattebo,RB,2026,1,2026,2,1,14.762018203735352,False,0,3.663402748107909,29.477778148651105,2,9.5,5.262018203735352,5.262018203735352,27.688835576442216,2
Josh Downs,WR,2026,1,2026,2,1,9.00091552734375,False,0,0.0,23.716675472259503,2,14.2,-5.199084472656249,5.199084472656249,27.03047935381531,2
Chuba Hubbard,RB,2026,1,2026,2,1,9.21568489074707,False,0,0.0,23.931444835662823,2,14.4,-5.18431510925293,5.18431510925293,26.87712315202822,2
Deebo Samuel Sr.,WR,2026,1,2026,2,1,11.645048141479492,False,0,0.5464326858520501,26.360808086395245,2,6.5,5.145048141479492,5.145048141479492,26.471520378141577,2
Jalen Coker,WR,2026,1,2026,2,1,9.481359481811523,False,0,0.0,24.19711942672728,2,14.6,-5.118640518188476,5.118640518188476,26.200480754440793,2
Rome Odunze,WR,2026,1,2026,2,1,12.356454849243164,False,0,1.257839393615722,27.07221479415892,2,7.3,5.056454849243164,5.056454849243164,25.567735642434712,2
Rachaad White,RB,2026,1,2026,2,1,9.273866653442385,False,0,0.0,23.989626598358136,2,14.3,-5.026133346557616,5.026133346557616,25.26201641737846,2
Devin Singletary,RB,2026,1,2026,2,1,5.908791542053223,False,0,0.0,20.624551486968976,2,0.9,5.008791542053222,5.008791542053222,25.087992711743897,2
Braelon Allen,RB,2026,1,2026,2,1,3.525142192840576,False,0,0.0,18.24090213775633,2,8.5,-4.974857807159424,4.974857807159424,24.74921020145507,2
Khalil Shakir,WR,2026,1,2026,2,1,11.744710922241213,False,0,0.6460954666137688,26.460470867156964,2,6.800000000000001,4.944710922241212,4.944710922241212,24.450166104531537,2
Marquise Brown,WR,2026,1,2026,2,1,6.130038738250732,False,0,0.0,20.845798683166485,2,1.2000000000000002,4.930038738250732,4.930038738250732,24.305281960652874,2
Tony Pollard,RB,2026,1,2026,2,1,12.396170616149902,False,0,1.2975551605224602,27.11193056106565,2,7.5,4.896170616149902,4.896170616149902,23.972486702449714,2
Adonai Mitchell,WR,2026,1,2026,2,1,7.431853294372559,False,0,0.0,22.14761323928831,2,12.3,-4.868146705627442,4.868146705627442,23.698852347511316,2
Josh Palmer,WR,2026,1,2026,2,1,6.562352657318115,False,0,0.0,21.27811260223387,2,11.3,-4.7376473426818855,4.7376473426818855,22.44530234362073,2
Brashard Smith,RB,2026,1,2026,2,1,4.712944030761719,False,0,0.0,19.42870397567747,2,0.0,4.712944030761719,4.712944030761719,22.211841437092517,2
Jaylen Warren,RB,2026,1,2026,2,1,14.334762573242188,False,0,3.2361471176147454,29.05052251815794,2,9.7,4.634762573242188,4.634762573242188,21.48102411032655,2
Bo Melton,WR,2026,1,2026,2,1,4.60699987411499,False,0,0.0,19.322759819030743,2,0.0,4.60699987411499,4.60699987411499,21.224447840095536,2
Michael Wilson,WR,2026,1,2026,2,1,8.296222686767578,False,0,0.0,23.01198263168333,2,3.8,4.496222686767578,4.496222686767578,20.21601844900346,2
Jaylin Lane,WR,2026,1,2026,2,1,4.448318004608154,False,0,0.0,19.164077949523907,2,0.0,4.448318004608154,4.448318004608154,19.78753307012107,2
Quinshon Judkins,RB,2026,1,2026,2,1,5.364809513092041,False,0,0.0,20.0805694580078,2,9.8,-4.43519048690796,4.43519048690796,19.670914655158864,2
Raheim Sanders,RB,2026,1,2026,2,1,6.504044532775879,False,0,0.0,21.219804477691632,2,2.1,4.404044532775879,4.404044532775879,19.395608246673113,2
Kyle Williams,WR,2026,1,2026,2,1,6.396306037902832,False,0,0.0,21.112065982818585,2,2.0,4.396306037902832,4.396306037902832,19.327506778900897,2
Mack Hollins,WR,2026,1,2026,2,1,8.183805465698242,False,0,0.0,22.899565410613995,2,3.8,4.383805465698242,4.383805465698242,19.217750361085784,2
Dontayvion Wicks,WR,2026,1,2026,2,1,8.034991264343262,False,0,0.0,22.75075120925901,2,12.4,-4.365008735656739,4.365008735656739,19.05330126235964,2
Ryan Flournoy,WR,2026,1,2026,2,1,2.9353742599487305,False,0,0.0,17.651134204864483,2,7.300000000000001,-4.36462574005127,4.36462574005127,19.049957850718098,2
Jaleel McLaughlin,RB,2026,1,2026,2,1,4.641107082366943,False,0,0.0,19.356867027282696,2,0.3,4.3411070823669435,4.3411070823669435,18.845210700576438,2
Isaiah Davis,RB,2026,1,2026,2,1,4.328536033630371,False,0,0.0,19.044295978546124,2,0.0,4.328536033630371,4.328536033630371,18.736224194436545,2
Christian McCaffrey,RB,2026,1,2026,2,1,18.29770469665528,False,0,7.199089241027831,33.01346464157103,2,22.6,-4.302295303344721,4.302295303344721,18.509744877182044,2
Christian Watson,WR,2026,1,2026,2,1,9.857975006103516,False,0,0.0,24.57373495101927,2,14.1,-4.242024993896484,4.242024993896484,17.994776048842464,2
Woody Marks,RB,2026,1,2026,2,1,12.695950508117676,False,0,1.5973350524902337,27.41171045303343,2,8.5,4.195950508117676,4.195950508117676,17.60600066657298,2
Emmett Johnson,RB,2026,1,2026,2,1,1.3698633909225464,False,0,0.0,16.0856233358383,2,5.5,-4.130136609077454,4.130136609077454,17.058028409641807,2
Ashton Jeanty,RB,2026,1,2026,2,1,14.427868843078612,False,0,3.329253387451171,29.143628787994366,2,10.3,4.127868843078611,4.127868843078611,17.03930118565915,2
Brian Robinson,RB,2026,1,2026,2,1,4.607367038726807,False,0,0.0,19.32312698364256,2,8.7,-4.092632961273193,4.092632961273193,16.74964455569978,2
Emeka Egbuka,WR,2026,1,2026,2,1,14.339638710021973,False,0,3.2410232543945305,29.05539865493773,2,10.3,4.039638710021972,4.039638710021972,16.318680907507982,2
Tetairoa McMillan,WR,2026,1,2026,2,1,11.064627647399902,False,0,0.0,25.78038759231565,2,15.1,-4.035372352600097,4.035372352600097,16.284230024129243,2
David Montgomery,RB,2026,1,2026,2,1,8.395133972167969,False,0,0.0,23.11089391708372,2,4.4,3.9951339721679684,3.9951339721679684,15.961095455570609,2
Travis Etienne,RB,2026,1,2026,2,1,11.036605834960938,False,0,0.0,25.75236577987669,2,7.1,3.936605834960938,3.936605834960938,15.496865499848502,2
Tyquan Thornton,WR,2026,1,2026,2,1,8.709754943847656,False,0,0.0,23.42551488876341,2,12.6,-3.8902450561523434,3.8902450561523434,15.13400659691775,2
Julius Chestnut,RB,2026,1,2026,2,1,3.8485846519470215,False,0,0.0,18.56434459686277,2,0.0,3.8485846519470215,3.8485846519470215,14.811603823202176,2
Tyler Badie,RB,2026,1,2026,2,1,1.0895674228668213,False,0,0.0,15.805327367782574,2,4.9,-3.810432577133179,3.810432577133179,14.519396424877801,2
Derius Davis,WR,2026,1,2026,2,1,3.8093128204345694,False,0,0.0,18.525072765350323,2,0.0,3.8093128204345694,3.8093128204345694,14.510864163927174,2
Najee Harris,RB,2026,1,2026,2,1,4.366174221038818,False,0,0.0,19.08193416595457,2,0.6000000000000001,3.7661742210388183,3.7661742210388183,14.18406826321735,2
Lil'Jordan Humphrey,WR,2026,1,2026,2,1,3.729659557342529,False,0,0.0,18.44541950225828,2,0.0,3.729659557342529,3.729659557342529,13.910360413676468,2
Malik Washington,WR,2026,1,2026,2,1,5.0131120681762695,False,0,0.0,19.728872013092023,2,8.7,-3.6868879318237298,3.6868879318237298,13.59314262182746,2
Treylon Burks,WR,2026,1,2026,2,1,3.668221473693848,False,0,0.0,18.3839814186096,2,0.0,3.668221473693848,3.668221473693848,13.455848780068667,2
Pat Bryant,WR,2026,1,2026,2,1,5.208894729614258,False,0,0.0,19.92465467453001,2,1.6,3.6088947296142577,3.6088947296142577,13.024121169437567,2
Antonio Williams,WR,2026,1,2026,2,1,1.8078429698944087,False,0,0.0,16.523602914810162,2,5.4,-3.5921570301055916,3.5921570301055916,12.903592128937024,2
Xavier Legette,WR,2026,1,2026,2,1,4.847611427307129,False,0,0.0,19.56337137222288,2,8.4,-3.5523885726928714,3.5523885726928714,12.619464571398897,2
Corey Kiner,RB,2026,1,2026,2,1,3.549607515335083,False,0,0.0,18.26536746025084,2,0.0,3.549607515335083,3.549607515335083,12.599713512923302,2
Carnell Tate,WR,2026,1,2026,2,1,2.209412097930908,False,0,0.0,16.92517204284666,2,5.7,-3.490587902069092,3.490587902069092,12.184203902071104,2
Brian Thomas Jr.,WR,2026,1,2026,2,1,10.485682487487791,False,0,0.0,25.201442432403542,2,7.0,3.485682487487791,3.485682487487791,12.149982403579076,2
DeMario Douglas,WR,2026,1,2026,2,1,5.378185272216797,False,0,0.0,20.09394521713255,2,1.9,3.478185272216797,3.478185272216797,12.097772787865834,2
Matthew Golden,WR,2026,1,2026,2,1,6.490291118621826,False,0,0.0,21.20605106353758,2,9.8,-3.3097088813781745,3.3097088813781745,10.954172879473568,2
D'Andre Swift,RB,2026,1,2026,2,1,16.207382202148438,False,0,5.108766746520995,30.92314214706419,2,12.9,3.307382202148437,3.307382202148437,10.938777031088245,2
Tyjae Spears,RB,2026,1,2026,2,1,12.30495548248291,False,0,1.206340026855468,27.020715427398663,2,9.0,3.30495548248291,3.30495548248291,10.922730741193845,2
Jaylen Wright,RB,2026,1,2026,2,1,4.378161907196045,False,0,0.0,19.0939218521118,2,1.1,3.278161907196045,3.278161907196045,10.74634548979121,2
Emanuel Wilson,RB,2026,1,2026,2,1,5.95896053314209,False,0,0.0,20.674720478057843,2,9.2,-3.2410394668579094,3.2410394668579094,10.504336825730602,2
Greg Dortch,WR,2026,1,2026,2,1,3.232820987701416,False,0,0.0,17.94858093261717,2,0.0,3.232820987701416,3.232820987701416,10.451131538522759,2
J.K. Dobbins,RB,2026,1,2026,2,1,6.760009765625,False,0,0.0,21.47576971054076,2,3.6,3.160009765625,3.160009765625,9.985661718845368,2
Will Shipley,RB,2026,1,2026,2,1,1.818395614624024,False,0,0.0,16.534155559539776,2,4.9,-3.081604385375976,3.081604385375976,9.496285587968448,2
Rasheen Ali,RB,2026,1,2026,2,1,2.976144790649414,False,0,0.0,17.691904735565167,2,0.0,2.976144790649414,2.976144790649414,8.857437814909645,2
British Brooks,RB,2026,1,2026,2,1,2.9612791538238525,False,0,0.0,17.677039098739606,2,0.0,2.9612791538238525,2.9612791538238525,8.769174226871712,2
Jadarian Price,RB,2026,1,2026,2,1,2.05991792678833,False,0,0.0,16.775677871704083,2,5.0,-2.94008207321167,2.94008207321167,8.644082597220631,2
Ted Hurst III,WR,2026,1,2026,2,1,1.8724372386932373,False,0,0.0,16.58819718360899,2,4.7,-2.827562761306763,2.827562761306763,7.995111169128726,2
Roman Wilson,WR,2026,1,2026,2,1,5.05034875869751,False,0,0.0,19.766108703613263,2,7.800000000000001,-2.749651241302491,2.749651241302491,7.5605819487963295,2
Jacob Saylors,RB,2026,1,2026,2,1,2.670654773712158,False,0,0.0,17.38641471862791,2,0.0,2.670654773712158,2.670654773712158,7.132396920351539,2
Dareke Young,WR,2026,1,2026,2,1,1.063577651977539,False,0,0.0,15.779337596893292,2,3.7,-2.636422348022461,2.636422348022461,6.950722797152267,2
Malachi Corley,WR,2026,1,2026,2,1,2.584437370300293,False,0,0.0,17.300197315216046,2,0.0,2.584437370300293,2.584437370300293,6.679316521004694,2
Jacob Cowing,WR,2026,1,2026,2,1,2.5468053817749023,False,0,0.0,17.262565326690655,2,0.0,2.5468053817749023,2.5468053817749023,6.486217652637606,2
Ameer Abdullah,RB,2026,1,2026,2,1,4.840638160705566,False,0,0.0,19.55639810562132,2,2.3,2.5406381607055666,2.5406381607055666,6.454842263633364,2
Alec Ingold,RB,2026,1,2026,2,1,2.5355234146118164,False,0,0.0,17.25128335952757,2,0.0,2.5355234146118164,2.5355234146118164,6.428878986044765,2
Isaiah Bond,WR,2026,1,2026,2,1,4.534348487854004,False,0,0.0,19.25010843276976,2,2.0,2.534348487854004,2.534348487854004,6.422922257887876,2
Malachi Fields,WR,2026,1,2026,2,1,2.4866926670074463,False,0,0.0,17.2024526119232,2,5.0,-2.5133073329925537,2.5133073329925537,6.316713750074143,2
Darnell Mooney,WR,2026,1,2026,2,1,9.277846336364746,False,0,0.0,23.9936062812805,2,6.800000000000001,2.4778463363647454,2.4778463363647454,6.139722466636191,2
Xavier Hutchinson,WR,2026,1,2026,2,1,9.149820327758787,False,0,0.0,23.865580272674546,2,6.7,2.449820327758787,2.449820327758787,6.001619638300171,2
Terry McLaurin,WR,2026,1,2026,2,1,9.444430351257324,False,0,0.0,24.16019029617308,2,7.0,2.444430351257324,2.444430351257324,5.9752397421480055,2
Jalen Brooks,WR,2026,1,2026,2,1,2.432427167892456,False,0,0.0,17.14818711280821,2,0.0,2.432427167892456,2.432427167892456,5.916701927101315,2
Chris Brooks,RB,2026,1,2026,2,1,1.1869245767593384,False,0,0.0,15.902684521675091,2,3.6,-2.4130754232406617,2.4130754232406617,5.822932998248099,2
Demarcus Robinson,WR,2026,1,2026,2,1,4.030261039733887,False,0,0.0,18.74602098464964,2,6.4,-2.3697389602661136,2.3697389602661136,5.615662739803121,2
Kyren Williams,RB,2026,1,2026,2,1,18.04648399353028,False,0,6.947868537902831,32.76224393844603,2,15.7,2.3464839935302813,2.3464839935302813,5.505987131893817,2
Ray Davis,RB,2026,1,2026,2,1,2.274827241897583,False,0,0.0,16.990587186813336,2,0.0,2.274827241897583,2.274827241897583,5.174838980479365,2
Breece Hall,RB,2026,1,2026,2,1,16.44608497619629,False,0,5.347469520568847,31.16184492111204,2,14.2,2.2460849761962898,2.2460849761962898,5.044897720294688,2
Devontez Walker,WR,2026,1,2026,2,1,3.50425672531128,False,0,0.0,18.220016670227032,2,5.7,-2.19574327468872,2.19574327468872,4.821288528340744,2
Calvin Ridley,WR,2026,1,2026,2,1,3.3167529106140137,False,0,0.0,18.032512855529767,2,5.5,-2.1832470893859863,2.1832470893859863,4.766567853312381,2
Zachariah Branch,WR,2026,1,2026,2,1,1.254403829574585,False,0,0.0,15.970163774490338,2,3.4000000000000004,-2.1455961704254154,2.1455961704254154,4.603582926544208,2
Kameron Johnson,WR,2026,1,2026,2,1,2.143512487411499,False,0,0.0,16.859272432327252,2,0.0,2.143512487411499,2.143512487411499,4.594645783689032,2
Elic Ayomanor,WR,2026,1,2026,2,1,6.818714618682861,False,0,0.0,21.53447456359861,2,8.9,-2.081285381317139,2.081285381317139,4.331748838484429,2
Tez Johnson,WR,2026,1,2026,2,1,3.8358983993530273,False,0,0.0,18.55165834426878,2,5.9,-2.064101600646973,2.064101600646973,4.260515417793396,2
Luther Burden III,WR,2026,1,2026,2,1,8.207478523254395,False,0,0.0,22.923238468170148,2,6.2,2.0074785232543944,2.0074785232543944,4.029970021327644,2
Braxton Berrios,WR,2026,1,2026,2,1,1.960020542144776,False,0,0.0,16.67578048706053,2,0.0,1.960020542144776,1.960020542144776,3.841680525629502,2
Josh Cameron,WR,2026,1,2026,2,1,1.9593080282211304,False,0,0.0,16.675067973136883,2,0.0,1.9593080282211304,1.9593080282211304,3.838887949451774,2
Jared Wayne,WR,2026,1,2026,2,1,3.3412628173828125,False,0,0.0,18.05702276229857,2,5.300000000000001,-1.9587371826171882,1.9587371826171882,3.83665135056712,2
Bam Knight,RB,2026,1,2026,2,1,4.356942176818848,False,0,0.0,19.0727021217346,2,2.4000000000000004,1.9569421768188473,1.9569421768188473,3.8296226834124885,2
Hunter Luepke,RB,2026,1,2026,2,1,2.046184778213501,False,0,0.0,16.761944723129254,2,0.1,1.9461847782135009,1.9461847782135009,3.7876351909499335,2
Alvin Kamara,RB,2026,1,2026,2,1,5.255473613739014,False,0,0.0,19.971233558654767,2,7.2,-1.9445263862609865,1.9445263862609865,3.7811828668652114,2
Cooper Kupp,WR,2026,1,2026,2,1,5.940570831298828,False,0,0.0,20.65633077621458,2,4.0,1.9405708312988281,1.9405708312988281,3.765815151287825,2
Samaje Perine,RB,2026,1,2026,2,1,5.096529960632324,False,0,0.0,19.81228990554808,2,3.2,1.896529960632324,1.896529960632324,3.5968258915760445,2
Britain Covey,WR,2026,1,2026,2,1,1.8850603103637693,False,0,0.0,16.600820255279523,2,0.0,1.8850603103637693,1.8850603103637693,3.5534523737087502,2
Jordan James,RB,2026,1,2026,2,1,3.367889642715454,False,0,0.0,18.083649587631207,2,1.5,1.867889642715454,1.867889642715454,3.4890117173636668,2
Emari Demercado,RB,2026,1,2026,2,1,2.655663013458252,False,0,0.0,17.371422958374005,2,0.8,1.855663013458252,1.855663013458252,3.4434852195169605,2
Devin Duvernay,WR,2026,1,2026,2,1,1.8447555303573608,False,0,0.0,16.560515475273114,2,0.0,1.8447555303573608,1.8447555303573608,3.4031229667840677,2
Dyami Brown,WR,2026,1,2026,2,1,5.931792736053467,False,0,0.0,20.64755268096922,2,4.1,1.8317927360534672,1.8317927360534672,3.355464627858247,2
Xavier Smith,WR,2026,1,2026,2,1,1.818212985992432,False,0,0.0,16.533972930908185,2,0.0,1.818212985992432,1.818212985992432,3.305898462431516,2
Dylan Laube,RB,2026,1,2026,2,1,1.797728180885315,False,0,0.0,16.513488125801068,2,0.0,1.797728180885315,1.797728180885315,3.2318266123492236,2
Myles Price,WR,2026,1,2026,2,1,1.7908188104629517,False,0,0.0,16.506578755378705,2,0.0,1.7908188104629517,1.7908188104629517,3.207032011907941,2
Kyle Monangai,RB,2026,1,2026,2,1,9.556028366088867,False,0,0.0,24.27178831100462,2,7.800000000000001,1.7560283660888665,1.7560283660888665,3.083635622508734,2
AJ Dillon,RB,2026,1,2026,2,1,1.4342235326766968,False,0,0.0,16.14998347759245,2,-0.3,1.7342235326766968,1.7342235326766968,3.007531261289642,2
Dohnte Meyers,WR,2026,1,2026,2,1,1.6982725858688354,False,0,0.0,16.41403253078459,2,0.0,1.6982725858688354,1.6982725858688354,2.884129775913621,2
Sione Vaki,RB,2026,1,2026,2,1,1.3734989166259766,False,0,0.0,16.08925886154173,2,3.0,-1.6265010833740234,1.6265010833740234,2.645505774216872,2
Blake Corum,RB,2026,1,2026,2,1,8.584074020385742,False,0,0.0,23.29983396530149,2,10.2,-1.615925979614257,1.615925979614257,2.6112167715922965,2
Kayshon Boutte,WR,2026,1,2026,2,1,8.297319412231445,False,0,0.0,23.0130793571472,2,6.7,1.5973194122314451,1.5973194122314451,2.551429304691409,2
Romeo Doubs,WR,2026,1,2026,2,1,14.191534042358398,False,0,3.0929185867309563,28.90729398727415,2,12.6,1.5915340423583988,1.5915340423583988,2.5329806079856656,2
Rashid Shaheed,WR,2026,1,2026,2,1,8.490036010742188,False,0,0.0,23.20579595565794,2,6.9,1.5900360107421871,1.5900360107421871,2.528214515456929,2
Andrew Beck,RB,2026,1,2026,2,1,1.5749449729919434,False,0,0.0,16.290704917907696,2,0.0,1.5749449729919434,1.5749449729919434,2.480451667952593,2
Chris Moore,WR,2026,1,2026,2,1,3.1593339443206787,False,0,0.0,17.87509388923643,2,1.6,1.5593339443206786,1.5593339443206786,2.431522349910685,2
Chris Bell,WR,2026,1,2026,2,1,1.5351890325546265,False,0,0.0,16.25094897747038,2,0.0,1.5351890325546265,1.5351890325546265,2.35680536567601,2
CJ Donaldson,RB,2026,1,2026,2,1,1.7162048816680908,False,0,0.0,16.431964826583844,2,0.2,1.5162048816680909,1.5162048816680909,2.2988772431941493,2
DJ Herman,RB,2026,1,2026,2,1,1.3038926124572754,False,0,0.0,16.01965255737303,2,2.8,-1.4961073875427244,1.4961073875427244,2.238337315059916,2
Chris Godwin Jr.,WR,2026,1,2026,2,1,7.306950569152832,False,0,0.0,22.022710514068585,2,8.8,-1.4930494308471687,1.4930494308471687,2.229196602953054,2
Derrick Henry,RB,2026,1,2026,2,1,16.212120056152344,False,0,5.113504600524902,30.927880001068097,2,17.700000000000003,-1.487879943847659,1.487879943847659,2.213786727304113,2
Skyy Moore,WR,2026,1,2026,2,1,1.113379716873169,False,0,0.0,15.829139661788922,2,2.6,-1.4866202831268311,1.4866202831268311,2.2100398662040996,2
Jack Bech,WR,2026,1,2026,2,1,3.021397113800049,False,0,0.0,17.737157058715802,2,4.5,-1.4786028861999512,1.4786028861999512,2.1862664950788258,2
Arian Smith,WR,2026,1,2026,2,1,1.4672869443893433,False,0,0.0,16.183046889305096,2,0.0,1.4672869443893433,1.4672869443893433,2.1529309771754157,2
Tutu Atwell,WR,2026,1,2026,2,1,4.349066734313965,False,0,0.0,19.06482667922972,2,2.9000000000000004,1.4490667343139645,1.4490667343139645,2.099794400495338,2
Caleb Douglas,WR,2026,1,2026,2,1,2.454607009887696,False,0,0.0,17.17036695480345,2,3.9,-1.4453929901123037,1.4453929901123037,2.089160895865786,2
LeQuint Allen Jr.,RB,2026,1,2026,2,1,1.379636287689209,False,0,0.0,16.095396232604962,2,0.0,1.379636287689209,1.379636287689209,1.9033962863088618,2
Jalen Nailor,WR,2026,1,2026,2,1,3.249582290649414,False,0,0.0,17.965342235565167,2,1.9,1.3495822906494142,1.3495822906494142,1.8213723592345197,2
J. Michael Sturdivant,WR,2026,1,2026,2,1,1.329227328300476,False,0,0.0,16.04498727321623,2,0.0,1.329227328300476,1.329227328300476,1.7668452903008216,2
Eli Heidenreich,RB,2026,1,2026,2,1,1.328754425048828,False,0,0.0,16.04451436996458,2,0.0,1.328754425048828,1.328754425048828,1.7655883220868411,2
Kaden Wetjen,WR,2026,1,2026,2,1,1.3232591152191162,False,0,0.0,16.03901906013487,2,0.0,1.3232591152191162,1.3232591152191162,1.7510146860104783,2
KhaDarel Hodge,WR,2026,1,2026,2,1,1.5102702379226685,False,0,0.0,16.22603018283842,2,2.8,-1.2897297620773314,1.2897297620773314,1.6634028591880499,2
Tom Kennedy,WR,2026,1,2026,2,1,1.287704348564148,False,0,0.0,16.0034642934799,2,0.0,1.287704348564148,1.287704348564148,1.6581824893110166,2
DeeJay Dallas,RB,2026,1,2026,2,1,1.7225158214569092,False,0,0.0,16.438275766372662,2,3.0,-1.2774841785430908,1.2774841785430908,1.6319658264279155,2
Tre Harris,WR,2026,1,2026,2,1,5.04835844039917,False,0,0.0,19.764118385314923,2,6.300000000000001,-1.2516415596008308,1.2516415596008308,1.56660659372,2
Travis Hunter,WR,2026,1,2026,2,1,1.2497124671936035,False,0,0.0,15.965472412109357,2,0.0,1.2497124671936035,1.2497124671936035,1.5617812506591235,2
George Holani,RB,2026,1,2026,2,1,1.2546377182006836,False,0,0.0,15.970397663116437,2,2.5,-1.2453622817993164,1.2453622817993164,1.5509272129284,2
Kaleb Johnson,RB,2026,1,2026,2,1,4.434264659881592,False,0,0.0,19.150024604797345,2,3.2,1.2342646598815916,1.2342646598815916,1.5234092506326211,2
Barion Brown,WR,2026,1,2026,2,1,1.2338417768478394,False,0,0.0,15.949601721763592,2,0.0,1.2338417768478394,1.2338417768478394,1.5223655302950334,2
Brycen Tremayne,WR,2026,1,2026,2,1,1.214493751525879,False,0,0.0,15.930253696441632,2,0.0,1.214493751525879,1.214493751525879,1.4749950724954033,2
Malik Benson,WR,2026,1,2026,2,1,1.1971408128738403,False,0,0.0,15.912900757789592,2,0.0,1.1971408128738403,1.1971408128738403,1.4331461258482392,2
Connor Heyward,RB,2026,1,2026,2,1,1.2720143795013428,False,0,0.0,15.987774324417096,2,0.1,1.1720143795013427,1.1720143795013427,1.3736177057579173,2
Tyler Allgeier,RB,2026,1,2026,2,1,5.033440589904785,False,0,0.0,19.74920053482053,2,3.9,1.1334405899047852,1.1334405899047852,1.2846875708437075,2
Seth McGowan,RB,2026,1,2026,2,1,1.125035524368286,False,0,0.0,15.84079546928404,2,0.0,1.125035524368286,1.125035524368286,1.265704931090624,2
Efton Chism III,WR,2026,1,2026,2,1,1.91304349899292,False,0,0.0,16.628803443908673,2,0.8,1.1130434989929199,1.1130434989929199,1.2388658306504021,2
Jonathon Brooks,RB,2026,1,2026,2,1,3.19355583190918,False,0,0.0,17.909315776824933,2,2.1,1.09355583190918,1.09355583190918,1.195864357502579,2
Brenen Thompson,WR,2026,1,2026,2,1,1.234874248504639,False,0,0.0,15.950634193420392,2,2.3,-1.065125751495361,1.065125751495361,1.1344928664985574,2
Ben Skowronek,WR,2026,1,2026,2,1,2.263426780700684,False,0,0.0,16.979186725616437,2,1.2,1.063426780700684,1.063426780700684,1.1308765179114209,2
Reggie Gilliam,RB,2026,1,2026,2,1,2.3602631092071533,False,0,0.0,17.076023054122906,2,1.4,0.9602631092071534,0.9602631092071534,0.9221052389041894,2
Isaac TeSlaa,WR,2026,1,2026,2,1,5.552390098571777,False,0,0.0,20.26815004348753,2,4.6,0.9523900985717777,0.9523900985717777,0.9070468998575605,2
Kaytron Allen,RB,2026,1,2026,2,1,1.4476398229599,False,0,0.0,16.163399767875653,2,2.4000000000000004,-0.9523601770401005,0.9523601770401005,0.9069899068118514,2
Mike Evans,WR,2026,1,2026,2,1,7.552492141723633,False,0,0.0,22.268252086639382,2,8.4,-0.8475078582763675,0.8475078582763675,0.7182695698401955,2
Nikko Remigio,WR,2026,1,2026,2,1,0.8078435659408569,False,0,0.0,15.52360351085661,2,0.0,0.8078435659408569,0.8078435659408569,0.6526112270320397,2
Kevin Austin Jr.,WR,2026,1,2026,2,1,2.5049452781677246,False,0,0.0,17.220705223083478,2,1.7000000000000002,0.8049452781677244,0.8049452781677244,0.6479369008445153,2
Bryce Lance,WR,2026,1,2026,2,1,2.600480079650879,False,0,0.0,17.316240024566632,2,1.8,0.8004800796508789,0.8004800796508789,0.6407683579178773,2
Tay Martin,WR,2026,1,2026,2,1,0.7357407808303833,False,0,0.0,15.451500725746136,2,0.0,0.7357407808303833,0.7357407808303833,0.5413144965769021,2
Zavion Thomas,WR,2026,1,2026,2,1,0.707602858543396,False,0,0.0,15.423362803459147,2,0.0,0.707602858543396,0.707602858543396,0.5007018054187853,2
Kaelon Black,RB,2026,1,2026,2,1,1.8062281608581543,False,0,0.0,16.521988105773907,2,2.5,-0.6937718391418457,0.6937718391418457,0.48131936478625903,2
Omarion Hampton,RB,2026,1,2026,2,1,16.85759735107422,False,0,5.758981895446777,31.57335729598997,2,17.5,-0.6424026489257812,0.6424026489257812,0.41268116334686056,2
Mike Washington Jr.,RB,2026,1,2026,2,1,1.3247467279434204,False,0,0.0,16.040506672859173,2,0.7000000000000001,0.6247467279434203,0.6247467279434203,0.39030847407601005,2
Keaton Mitchell,RB,2026,1,2026,2,1,4.330670833587647,False,0,0.0,19.0464307785034,2,4.9,-0.569329166412353,0.569329166412353,0.3241356997277847,2
TreVeyon Henderson,RB,2026,1,2026,2,1,14.05735969543457,False,0,2.958744239807128,28.773119640350323,2,13.6,0.45735969543457067,0.45735969543457067,0.20917789100800324,2
Colbie Young,WR,2026,1,2026,2,1,1.3035134077072144,False,0,0.0,16.019273352622967,2,1.7000000000000002,-0.3964865922927858,0.3964865922927858,0.15720161786794576,2
Jaylin Noel,WR,2026,1,2026,2,1,5.770442962646484,False,0,0.0,20.48620290756224,2,5.4,0.370442962646484,0.370442962646484,0.13722798857430435,2
Nicholas Singleton,RB,2026,1,2026,2,1,1.3590596914291382,False,0,0.0,16.07481963634489,2,1.0,0.3590596914291382,0.3590596914291382,0.12892386200918793,2
Adam Prentice,RB,2026,1,2026,2,1,1.552147626876831,False,0,0.0,16.267907571792584,2,1.2,0.3521476268768311,0.3521476268768311,0.12400795111498386,2
LaJohntay Wester,WR,2026,1,2026,2,1,2.7490413188934326,False,0,0.0,17.464801263809186,2,2.4000000000000004,0.34904131889343226,0.34904131889343226,0.12182984229486667,2
Jahan Dotson,WR,2026,1,2026,2,1,3.409351348876953,False,0,0.0,18.125111293792703,2,3.1,0.30935134887695304,0.30935134887695304,0.09569825705199031,2
Andrei Iosivas,WR,2026,1,2026,2,1,2.0090420246124268,False,0,0.0,16.72480196952818,2,1.7000000000000002,0.3090420246124266,0.3090420246124266,0.09550697297654767,2
Chris Blair,WR,2026,1,2026,2,1,1.2955251932144165,False,0,0.0,16.01128513813017,2,1.6,-0.3044748067855836,0.3044748067855836,0.09270490796711846,2
Deion Burks,WR,2026,1,2026,2,1,1.1070160865783691,False,0,0.0,15.822776031494122,2,1.4,-0.29298391342163077,0.29298391342163077,0.08583957352385363,2
Konata Mumpfield,WR,2026,1,2026,2,1,2.4317715167999268,False,0,0.0,17.14753146171568,2,2.2,0.23177151679992658,0.23177151679992658,0.05371803599973865,2
Kendrick Bourne,WR,2026,1,2026,2,1,2.8683528900146484,False,0,0.0,17.5841128349304,2,3.1,-0.23164710998535165,0.23164710998535165,0.0536603835645656,2
Rhamondre Stevenson,RB,2026,1,2026,2,1,3.818792343139648,False,0,0.0,18.5345522880554,2,3.6000000000000005,0.21879234313964746,0.21879234313964746,0.04787008941653724,2
Tee Higgins,WR,2026,1,2026,2,1,14.70623779296875,False,0,3.607622337341308,29.421997737884503,2,14.5,0.20623779296875,0.20623779296875,0.04253402724862099,2
Makai Lemon,WR,2026,1,2026,2,1,1.7157044410705566,False,0,0.0,16.43146438598631,2,1.9,-0.18429555892944327,0.18429555892944327,0.0339648530411159,2
Justice Hill,RB,2026,1,2026,2,1,3.724761962890625,False,0,0.0,18.44052190780637,2,3.8,-0.07523803710937482,0.07523803710937482,0.005660762228071663,2
Jacory Croskey-Merritt,RB,2026,1,2026,2,1,5.831480979919434,False,0,0.0,20.547240924835187,2,5.800000000000001,0.03148097991943288,0.03148097991943288,0.0009910520966877365,2
Demond Claiborne,RB,2026,1,2026,2,1,1.171402096748352,False,0,0.0,15.887162041664103,2,1.2,-0.028597903251647905,0.028597903251647905,0.0008178400703906138,2
